temperature,humidity,rainfall,soil_type,moisture
39.11,29.34,3.46,1,5.07
28.2,25.76,2.47,0,0.0
32.83,60.92,5.61,1,1.14
42.93,40.83,2.62,2,8.16
39.94,58.38,2.59,2,12.77
17.18,45.92,1.1,0,3.1
32.6,44.58,8.04,1,10.81
23.79,50.38,2.18,2,25.08
24.17,74.07,1.49,1,8.43
28.28,78.58,2.34,2,10.58
26.15,67.42,0.47,1,5.32
36.63,40.2,0.92,1,1.09
31.09,72.87,1.1,2,12.81
25.97,73.78,2.17,1,6.23
28.55,65.49,3.57,1,0.0
27.67,47.93,1.02,1,10.51
36.95,74.18,0.44,1,1.59
23.36,68.46,2.46,1,6.1
27.5,0.0,5.79,1,0.0
18.17,72.89,1.63,1,6.33
4.58,21.73,1.94,1,10.72
30.23,73.27,1.02,2,4.7
31.92,56.92,4.96,1,14.16
19.06,83.87,0.39,1,13.24
43.16,58.04,0.56,2,8.9
13.37,42.27,30.14,0,25.05
25.37,57.05,3.44,0,0.0
23.5,81.2,2.38,0,0.0
37.26,60.52,4.76,2,12.83
36.75,57.71,17.31,0,2.44
26.24,74.87,0.64,1,12.87
28.03,64.21,4.7,0,6.49
17.9,59.88,1.26,0,7.3
9.15,87.32,3.94,0,0.0
22.22,91.1,3.69,1,2.53
26.25,72.27,19.18,0,6.88
34.84,54.28,0.36,1,4.45
34.62,89.94,0.01,0,0.0
21.9,83.66,4.13,1,4.47
22.58,74.38,2.52,1,5.35
16.61,35.68,3.52,1,5.01
13.64,62.81,4.2,0,11.03
11.35,45.13,2.04,0,10.68
40.61,56.82,1.32,1,2.37
20.92,64.8,4.41,1,5.7
21.5,62.0,1.43,0,4.92
14.98,50.5,2.92,0,9.76
31.22,85.46,6.72,0,0.0
12.09,26.08,0.52,0,10.93
23.3,74.6,0.03,0,0.0
17.84,22.85,0.89,1,15.3
28.1,67.65,4.79,0,0.0
20.91,42.26,2.51,1,8.98
15.55,77.57,8.77,1,0.54
24.77,61.73,2.38,0,0.08
28.43,64.95,0.93,2,22.64
25.53,39.63,4.36,1,15.24
27.42,46.91,3.21,0,4.49
19.93,64.14,5.16,0,6.56
22.1,71.67,3.31,0,6.36
19.62,100.0,1.8,1,7.86
22.12,64.46,0.97,0,8.32
18.49,79.52,0.17,1,3.48
11.19,28.86,1.1,0,4.21
26.42,33.4,0.14,0,5.75
21.79,52.89,1.69,1,10.34
11.96,36.05,0.77,1,7.08
28.7,89.73,3.65,0,2.22
17.74,51.8,0.75,1,11.48
25.42,87.64,0.25,1,10.23
30.83,89.74,5.48,2,8.25
26.03,60.86,0.19,1,6.45
34.12,70.04,4.17,1,0.0
15.12,58.88,7.95,0,13.28
28.22,70.77,0.34,1,3.78
19.52,69.67,2.46,2,16.27
18.03,57.53,1.8,1,9.28
20.37,70.1,4.81,2,12.42
22.51,94.47,2.93,1,8.57
25.45,74.26,0.98,2,11.52
15.68,66.52,0.0,1,10.24
32.21,62.5,1.98,1,5.69
28.73,39.75,6.74,1,14.13
12.71,39.45,7.07,0,13.85
36.91,66.47,0.4,0,0.0
40.17,32.61,5.91,1,0.0
34.43,44.67,0.11,1,6.6
23.56,85.63,0.29,2,19.76
16.43,98.28,10.16,0,11.96
33.44,26.68,1.47,2,10.57
21.77,92.53,0.22,2,14.14
34.78,55.77,1.91,2,18.96
26.67,59.7,0.14,1,7.3
32.81,57.73,0.05,1,6.77
27.85,81.61,2.47,2,8.02
30.65,27.85,0.71,0,7.88
25.08,69.12,2.92,0,6.32
39.29,41.1,1.22,0,0.0
26.02,71.42,0.43,2,9.68
28.22,90.86,12.48,0,0.0
40.07,59.99,0.86,1,9.65
14.22,67.48,0.19,1,2.35
14.84,68.19,0.98,0,0.0
32.76,44.01,0.87,0,0.0
15.62,90.23,1.07,2,6.64
40.55,94.13,1.32,1,0.0
21.69,74.04,4.91,1,0.0
19.02,61.47,0.18,0,4.56
40.38,50.76,1.31,0,13.92
36.84,47.47,0.33,1,1.68
39.94,94.22,12.09,0,2.72
32.25,88.29,0.47,0,0.27
18.11,58.73,1.96,0,4.28
40.28,28.4,1.96,2,9.78
22.86,3.36,4.56,1,0.0
31.42,38.33,0.95,1,9.36
32.58,57.39,4.02,2,17.05
23.76,88.01,0.08,2,3.26
29.91,46.97,7.86,1,17.16
32.38,70.1,0.31,2,21.92
28.01,86.06,1.97,0,0.0
16.2,62.57,0.57,0,8.43
27.39,57.15,1.38,2,17.88
35.61,33.82,3.08,0,0.66
19.44,35.95,0.46,2,24.38
23.8,68.32,1.02,0,5.8
21.52,55.98,3.41,0,14.47
39.79,62.45,5.58,2,13.04
30.38,59.05,2.7,2,30.12
28.26,73.28,2.22,0,0.68
18.84,44.31,0.35,1,11.54
29.31,53.29,0.48,0,3.99
19.61,97.92,9.52,0,7.15
25.25,44.0,0.01,1,10.87
19.91,54.37,1.99,0,7.85
30.41,48.21,4.24,1,8.63
29.61,68.9,0.71,1,0.0
23.33,80.45,1.85,2,13.82
28.17,50.04,2.04,2,15.02
16.26,51.37,0.9,1,11.52
13.07,54.42,6.33,1,9.41
28.52,70.6,7.78,1,7.64
26.33,45.21,4.15,2,21.7
30.08,52.48,0.03,2,12.06
44.07,12.56,2.97,0,0.0
32.56,32.37,0.79,2,13.32
17.7,57.75,0.93,2,18.3
33.94,77.96,0.61,0,0.0
14.47,65.9,2.55,2,15.6
21.31,38.02,1.78,1,5.79
24.45,31.99,0.65,2,18.8
38.71,63.49,8.09,1,0.0
19.04,26.94,0.82,1,9.98
18.39,81.32,4.53,2,19.82
24.21,61.28,0.08,1,3.76
19.69,27.85,0.61,1,16.64
34.01,40.68,5.13,0,2.61
16.36,45.51,2.31,0,8.76
15.82,44.54,3.12,0,10.34
21.5,30.2,1.68,0,8.35
21.02,42.51,1.72,1,13.96
40.44,46.31,0.4,2,17.63
32.6,45.77,0.56,1,5.46
25.7,82.56,7.54,0,12.06
15.2,62.1,1.84,1,9.76
31.75,40.13,1.92,1,0.0
17.0,53.31,3.29,2,22.43
12.64,42.41,0.04,1,15.47
34.5,54.0,2.28,0,19.07
27.54,77.51,6.5,2,11.13
32.37,65.05,1.62,1,9.16
27.55,100.0,1.6,0,4.52
31.85,67.52,1.81,0,0.0
19.79,41.73,5.8,1,12.71
16.73,76.19,2.82,1,3.05
30.45,81.6,4.13,0,3.41
18.57,81.88,3.8,1,0.0
19.48,38.12,0.16,2,15.22
21.36,57.05,11.28,1,10.73
25.14,82.64,3.67,1,0.0
22.17,26.31,2.6,2,16.95
14.0,50.01,0.14,1,11.13
19.85,31.46,7.51,1,20.44
7.21,41.35,1.9,1,11.52
30.0,39.75,7.26,0,9.62
12.18,85.01,1.63,1,6.25
16.16,55.31,2.58,1,8.18
25.42,42.73,6.72,1,13.89
19.08,39.29,1.85,0,8.47
37.34,62.83,0.59,1,11.06
14.66,59.78,1.66,1,5.76
27.14,86.88,1.44,2,13.75
24.69,70.0,3.94,0,6.86
15.66,31.36,5.51,2,27.84
29.19,47.42,0.03,1,15.63
23.63,81.4,2.05,0,0.0
31.17,47.58,0.93,0,0.43
31.59,94.69,0.54,2,14.79
42.31,38.03,3.29,1,2.63
35.69,71.45,5.42,1,0.0
22.05,42.78,2.36,2,29.33
23.08,49.81,0.65,1,8.11
33.8,81.97,4.17,1,9.09
30.24,57.46,2.21,0,0.88
30.12,76.27,4.9,1,9.03
12.06,69.47,10.03,1,11.84
24.81,75.08,1.63,1,11.27
19.1,42.24,1.15,0,13.81
27.24,55.57,0.99,2,29.13
24.21,68.49,3.52,0,5.69
32.28,43.02,10.71,0,0.0
27.54,92.59,1.01,1,0.0
31.29,44.46,1.86,0,8.45
21.27,54.0,2.58,2,21.01
17.44,39.87,9.23,2,22.73
21.72,17.13,0.85,1,12.65
24.86,95.94,9.78,1,0.42
28.03,55.91,2.23,0,2.95
43.07,51.04,3.91,2,11.4
24.66,56.03,4.56,1,8.08
17.35,88.4,0.54,1,7.2
22.23,40.7,11.04,1,18.81
21.29,73.59,11.2,1,12.54
28.85,51.52,6.03,1,14.61
12.67,48.07,5.56,0,12.28
25.51,71.34,1.18,0,0.0
26.25,79.76,5.73,1,8.47
26.86,49.72,6.58,2,23.98
20.22,44.62,0.93,1,10.42
23.1,36.62,0.56,0,0.18
13.61,82.07,4.24,2,20.4
21.05,48.49,2.59,0,9.95
20.66,23.02,0.34,0,3.84
28.33,88.2,1.53,0,3.48
15.75,32.6,1.21,0,18.11
31.25,75.59,3.24,1,0.0
36.96,63.67,1.64,1,19.28
8.44,65.76,3.14,2,20.45
28.41,48.31,4.82,1,19.58
30.42,67.31,3.68,0,0.0
19.9,26.64,2.88,2,17.42
21.82,71.76,7.11,1,8.42
23.94,91.14,0.85,0,0.0
22.62,77.68,2.13,1,7.81
22.53,19.61,4.23,2,11.49
11.59,40.32,0.76,0,14.01
34.22,56.24,0.71,2,15.9
33.64,69.74,3.46,1,6.69
18.49,57.87,4.55,1,6.69
13.27,50.14,6.52,1,14.33
29.17,71.91,1.78,2,10.06
20.39,83.28,3.78,1,11.24
26.14,55.35,0.56,1,8.67
22.45,74.58,1.13,1,0.87
30.53,8.42,3.0,1,0.0
30.56,41.25,0.48,0,0.0
19.2,53.57,9.35,2,28.88
13.93,50.23,0.41,1,9.15
12.34,66.66,4.5,1,10.62
29.88,80.28,1.15,0,0.0
15.49,70.13,3.96,0,11.33
20.95,47.56,1.56,1,7.86
20.23,29.54,4.13,1,11.81
24.58,71.14,6.92,1,13.16
9.51,23.24,2.72,2,27.67
26.51,73.06,0.54,0,1.75
29.19,56.23,9.05,1,12.47
25.71,36.48,2.28,1,13.21
22.51,65.75,0.82,1,6.22
25.78,59.94,1.57,2,15.35
28.19,59.27,3.83,1,10.87
2.82,58.32,8.21,2,20.79
40.65,68.39,7.11,1,5.38
28.12,78.49,0.45,0,13.92
19.78,69.93,6.16,0,4.79
21.87,80.24,2.68,0,0.0
28.95,59.12,1.58,1,7.32
24.07,92.37,1.87,2,12.86
8.75,71.42,4.75,1,16.63
41.52,49.13,5.59,2,9.28
24.12,38.12,3.22,2,16.48
33.16,64.12,0.18,2,12.09
19.46,33.87,4.96,2,22.44
37.29,40.53,0.08,2,15.13
27.29,64.78,1.47,0,0.0
29.87,47.84,1.76,1,13.91
16.64,41.33,2.12,1,23.61
34.69,59.31,0.89,1,6.93
30.52,61.45,1.63,1,0.0
35.41,55.88,4.64,1,6.1
19.98,52.45,0.95,1,4.68
21.15,77.09,5.03,1,5.51
43.43,66.85,0.04,0,0.0
16.52,55.53,0.46,0,14.77
23.91,100.0,7.78,0,0.83
34.1,63.88,1.91,2,10.92
25.78,82.64,0.16,0,13.14
29.66,48.78,2.83,2,20.41
21.8,32.74,1.83,1,17.82
27.96,44.16,0.28,1,14.29
14.55,54.64,1.28,2,20.47
38.27,50.07,2.86,2,12.0
24.05,86.73,2.96,0,0.0
19.56,57.6,6.54,2,18.62
30.33,69.23,2.03,1,2.99
21.31,59.07,0.33,0,4.78
14.33,51.33,0.36,0,14.84
14.23,60.76,1.62,1,0.0
30.55,94.28,0.61,1,0.0
23.72,44.64,7.61,2,21.62
23.93,75.34,0.72,2,14.22
33.62,39.48,1.42,0,1.85
15.99,50.81,2.15,1,9.42
19.15,60.07,1.2,0,11.33
21.92,66.53,3.28,1,10.45
25.75,89.66,2.79,2,13.6
24.66,59.0,8.41,1,8.89
22.7,43.13,5.35,1,17.44
24.51,73.0,2.77,1,0.0
24.14,52.72,1.78,2,19.66
19.24,64.77,2.86,0,9.68
18.5,57.68,2.93,2,23.46
27.2,21.13,0.94,0,0.0
17.87,70.17,0.59,1,1.03
15.74,71.67,2.2,0,2.47
22.5,78.53,1.1,0,1.55
23.74,96.01,1.46,2,9.89
43.05,36.1,0.0,1,6.75
19.36,70.33,3.43,2,15.7
32.55,68.19,0.18,1,4.42
30.98,51.62,3.99,0,0.0
15.49,67.94,0.7,2,15.1
31.19,69.99,0.54,1,0.0
15.53,35.63,2.75,0,17.87
3.73,64.92,12.31,1,21.86
29.85,41.64,1.64,0,3.02
10.95,46.96,6.1,1,16.17
28.61,24.51,0.19,1,14.95
19.53,50.53,2.13,2,23.8
38.28,55.93,3.43,2,11.4
33.55,71.0,1.41,1,0.0
21.37,60.02,0.42,0,0.0
19.5,29.15,0.05,1,12.7
15.29,77.24,1.47,1,5.85
21.47,57.63,4.07,1,21.14
22.76,69.77,13.99,0,10.87
22.08,79.32,1.87,0,0.0
26.25,88.45,1.05,0,0.0
29.63,99.22,1.28,0,0.71
27.8,58.56,0.29,2,10.68
18.89,66.22,1.79,1,7.62
13.5,38.43,2.96,2,29.33
35.92,81.23,2.93,1,0.0
19.48,36.3,0.04,0,0.45
19.78,23.89,3.01,1,2.57
20.83,76.61,3.29,1,6.56
10.26,49.57,2.09,0,11.59
21.18,75.55,8.69,2,15.84
21.16,68.16,0.9,2,8.98
29.96,27.4,5.73,1,9.34
30.59,5.61,0.57,1,0.0
25.03,38.07,0.91,0,10.92
32.45,60.33,0.69,0,3.32
27.72,35.56,6.5,2,13.64
24.87,46.94,4.73,2,13.72
26.29,30.82,1.8,0,13.15
23.47,63.4,1.42,1,8.23
21.84,61.82,0.04,0,3.45
22.86,50.37,3.63,1,8.95
15.98,87.94,10.05,1,8.71
27.24,89.95,4.52,1,5.08
17.06,71.31,0.8,0,10.72
31.73,24.0,0.92,2,20.5
23.0,37.91,1.65,2,17.94
25.4,68.14,1.57,1,17.86
28.95,47.43,0.79,1,5.94
30.15,50.26,4.71,1,14.4
12.44,77.98,4.63,1,9.0
23.34,70.22,3.68,0,7.7
32.04,86.28,0.01,0,0.0
11.42,51.42,7.48,1,18.48
28.1,87.5,1.24,2,12.99
6.96,48.92,0.09,1,26.39
16.82,89.99,3.04,0,7.22
25.31,62.12,4.01,1,10.43
11.75,42.79,3.33,1,18.59
17.12,27.38,1.49,1,9.72
13.23,53.97,5.92,1,21.07
38.19,54.88,1.32,1,7.19
26.31,77.15,2.32,2,10.92
29.54,57.79,7.64,1,2.37
23.22,51.35,3.9,1,7.1
22.17,81.54,0.3,1,8.11
12.07,55.5,4.5,1,13.26
22.67,48.48,6.96,1,15.51
18.91,71.49,5.24,0,3.25
31.86,50.2,1.94,1,0.0
34.13,73.18,5.23,0,0.0
36.73,48.06,0.24,2,5.9
31.82,55.54,0.88,1,9.75
20.21,63.04,6.05,0,19.03
16.07,52.52,0.13,0,10.06
31.13,59.73,1.52,0,8.49
27.85,76.31,5.91,1,7.11
10.85,68.21,1.77,2,12.8
27.84,69.62,0.27,0,3.2
31.52,47.29,1.84,0,0.72
25.47,77.06,3.95,0,0.0
23.52,73.39,1.14,1,6.95
18.54,80.09,7.11,0,5.72
13.43,45.47,8.48,2,20.16
31.4,56.55,0.55,0,2.33
22.53,72.67,0.29,1,0.0
23.13,47.82,1.07,1,22.64
38.86,55.48,1.9,2,13.13
30.48,98.52,0.51,0,0.0
27.97,99.04,0.83,1,5.35
26.14,84.8,8.12,1,10.2
37.16,78.77,3.76,1,4.6
38.76,39.61,2.73,1,0.96
32.44,70.25,3.69,0,2.01
29.66,52.82,0.01,1,6.54
8.24,38.83,0.47,2,31.79
25.99,49.82,3.53,0,6.23
23.96,62.31,3.77,0,2.95
25.75,49.05,5.75,2,17.41
32.54,48.98,2.64,0,0.0
3.08,75.84,2.44,0,1.63
20.45,62.88,1.52,0,0.0
27.16,64.67,5.09,2,18.23
21.27,62.24,5.73,1,8.41
13.66,46.49,1.8,1,6.04
31.95,32.59,1.41,1,1.09
27.21,66.21,0.16,0,2.34
17.23,49.86,4.71,0,18.7
27.52,19.78,3.35,1,12.44
31.57,52.15,1.74,0,0.0
25.04,38.16,2.11,1,9.05
31.4,73.97,6.79,0,0.0
25.63,70.43,6.3,1,6.02
21.84,69.94,0.59,1,9.41
15.72,46.7,5.67,0,10.55
24.31,74.63,2.14,0,1.95
26.55,66.39,0.34,2,6.85
32.01,51.8,1.12,1,4.68
24.08,50.93,3.48,0,12.01
28.66,77.85,6.72,0,3.38
17.28,50.53,0.34,1,20.29
18.74,66.07,2.82,1,7.16
24.12,80.68,3.4,1,3.54
16.56,98.19,0.97,1,12.79
31.56,93.28,4.24,2,5.25
28.71,78.02,0.33,2,3.72
27.23,29.88,0.82,2,9.98
27.71,46.22,0.0,2,23.21
41.17,49.04,2.1,1,0.76
21.25,93.06,0.92,0,3.44
7.39,46.01,0.24,2,30.39
26.59,67.72,6.38,1,0.0
24.6,62.02,0.66,0,5.18
20.86,41.3,2.51,2,21.55
17.17,67.64,0.95,1,13.34
21.49,67.97,2.73,1,14.95
26.45,34.88,3.19,0,0.0
20.98,84.46,3.88,1,8.59
44.3,18.27,1.05,0,0.0
17.32,48.18,0.15,1,27.06
18.66,79.44,5.84,0,0.91
6.69,36.13,10.45,1,14.52
27.01,67.01,6.52,0,0.0
8.87,34.07,0.26,1,15.37
20.68,58.14,4.61,2,13.05
22.79,13.72,2.0,0,1.89
19.32,43.15,3.0,0,8.97
38.91,29.14,2.84,1,6.24
32.96,51.96,2.3,2,10.74
35.55,51.7,3.37,1,10.51
17.94,46.53,2.87,1,15.83
34.03,75.96,2.58,1,5.86
28.97,42.26,0.46,2,7.88
31.17,72.69,6.01,0,0.0
33.24,92.59,4.2,2,7.95
17.73,62.78,10.0,1,17.59
21.61,42.85,4.71,2,15.92
31.9,35.01,2.62,0,4.35
3.76,45.8,7.47,1,17.22
37.11,74.09,3.19,0,1.19
29.43,63.11,1.11,2,14.25
24.63,78.74,0.58,0,0.0
26.76,75.41,2.78,1,12.04
16.76,62.82,4.0,1,21.99
22.2,69.47,5.21,0,6.98
33.8,97.1,1.01,1,7.56
35.38,88.31,6.97,1,0.0
46.57,53.95,2.59,1,3.3
24.41,79.79,3.85,0,9.58
19.73,71.72,4.95,1,17.13
20.89,82.73,8.03,1,7.69
16.86,73.43,1.03,1,7.68
24.38,40.52,1.5,0,4.4
28.06,27.61,6.91,1,7.99
24.73,71.45,5.4,0,5.34
33.77,98.05,1.53,2,9.91
23.13,44.49,1.89,1,14.38
22.22,56.24,3.79,0,9.44
20.35,39.29,0.19,0,11.19
11.94,83.56,1.37,0,10.61
12.46,13.9,0.69,1,11.89
15.57,14.73,2.19,2,13.39
35.41,67.5,4.44,0,0.61
32.16,58.35,0.42,0,1.99
36.0,50.41,12.97,0,0.54
14.34,53.98,1.89,1,10.38
9.25,70.74,4.45,2,25.54
19.72,51.72,1.3,2,24.03
26.41,38.06,2.01,0,0.94
28.99,41.45,10.05,1,17.56
33.38,77.77,3.52,1,14.69
27.27,49.51,0.08,1,15.57
38.94,32.29,0.79,2,10.21
23.22,62.04,0.9,1,11.34
17.7,70.1,9.58,0,0.0
11.55,86.58,4.4,0,0.0
17.89,64.36,3.41,2,7.76
26.94,46.81,0.22,0,0.0
17.89,69.48,4.89,0,5.54
32.49,74.54,0.6,1,0.0
36.3,59.22,0.48,0,4.63
6.04,59.11,6.09,2,16.1
31.91,65.2,0.02,1,4.59
7.08,58.6,0.2,1,15.36
28.21,65.0,7.55,0,5.41
34.8,39.56,0.87,0,2.53
25.52,36.99,4.47,1,14.07
14.76,43.28,3.21,0,5.62
20.32,72.84,0.36,1,7.62
22.91,65.18,4.75,1,10.34
23.54,80.8,0.7,1,5.03
23.38,56.27,3.57,0,6.37
24.12,37.13,1.44,1,8.95
26.71,82.89,2.36,1,5.09
15.33,59.62,8.77,0,12.87
23.06,85.67,0.9,0,1.34
37.15,71.96,1.07,0,0.0
21.92,100.0,1.04,1,3.76
21.45,55.6,1.39,0,6.9
33.63,78.01,2.58,1,2.99
4.53,77.83,4.83,0,7.69
34.45,48.9,6.71,1,15.75
19.94,56.55,0.19,1,2.07
26.31,30.77,3.15,2,20.79
25.77,29.02,2.69,0,3.62
32.54,62.53,2.76,0,2.06
22.86,75.86,4.73,1,10.53
19.58,72.76,8.33,0,8.2
35.38,66.8,4.14,1,4.5
6.09,77.26,0.56,0,14.0
25.16,48.21,9.28,1,6.63
14.22,54.55,6.01,1,5.32
18.91,74.75,1.07,0,0.0
41.09,68.66,0.39,1,0.66
24.64,55.8,4.92,1,14.42
26.56,86.42,11.23,0,0.23
10.75,34.16,0.41,1,14.59
19.17,49.63,3.16,2,21.81
26.57,54.33,0.03,1,2.41
27.84,76.33,0.11,1,3.06
29.94,60.05,4.61,1,8.63
25.07,34.77,5.07,2,24.9
29.22,70.28,1.29,2,14.03
28.63,81.75,1.78,1,1.92
10.36,74.79,4.54,2,22.68
25.3,72.38,5.85,1,12.04
31.14,22.51,0.97,1,4.5
29.72,42.0,4.6,2,15.91
22.09,69.64,0.67,0,1.31
18.55,58.9,1.78,2,17.81
16.05,70.45,3.81,2,22.73
23.95,34.67,3.47,0,9.14
34.06,58.77,2.09,1,5.43
9.39,32.2,3.32,0,19.66
19.72,20.93,0.16,1,0.0
15.88,65.92,1.02,1,5.51
31.28,76.85,0.73,2,13.8
20.57,64.91,0.26,1,12.7
21.23,59.34,0.7,1,4.97
23.26,28.76,5.9,2,16.59
28.56,80.12,6.8,0,3.95
21.86,59.12,2.28,0,9.97
0.63,99.19,1.99,2,22.5
29.35,78.85,1.87,1,10.19
28.51,19.9,9.59,2,12.48
23.24,75.1,8.48,0,4.9
16.33,32.07,0.73,0,5.45
27.81,44.81,0.3,1,8.17
28.03,54.98,0.17,1,8.03
21.24,58.12,1.33,2,20.45
23.27,67.95,1.62,1,10.56
17.56,39.54,0.85,2,18.71
23.57,36.99,7.59,1,15.04
12.6,72.01,5.44,0,18.98
28.34,59.73,4.09,1,16.86
17.45,63.49,1.98,1,9.55
26.9,16.13,6.53,1,9.15
13.75,56.46,8.71,1,24.81
20.28,42.19,6.56,0,20.98
24.12,41.59,0.91,1,16.93
11.71,78.44,5.99,0,7.19
25.92,38.09,1.29,1,12.09
21.97,38.14,0.39,2,18.07
11.06,53.38,4.08,0,7.14
14.57,69.01,4.96,0,7.47
29.84,42.32,12.98,1,22.45
32.16,84.68,1.97,0,0.0
23.94,89.0,0.87,0,0.0
28.24,42.37,0.2,0,9.8
26.79,55.1,1.6,1,1.0
27.64,44.43,2.58,1,16.42
35.29,26.29,2.06,1,0.0
12.94,66.06,0.53,2,19.66
30.41,74.67,1.39,1,6.02
21.94,100.0,7.5,1,8.32
23.21,42.05,1.84,0,9.88
22.58,86.72,2.15,1,7.13
22.0,86.85,1.92,2,23.93
15.19,63.96,1.46,1,9.3
26.47,72.04,0.19,1,0.0
38.37,77.47,0.78,0,0.0
24.55,99.48,2.08,1,12.46
24.99,69.56,2.63,2,17.9
19.5,58.8,1.95,0,7.52
24.06,42.68,1.36,1,10.36
28.73,66.11,4.88,1,10.69
22.04,80.48,3.56,1,10.43
21.37,64.89,8.72,0,2.18
28.23,44.4,0.08,0,8.38
17.66,61.78,4.09,1,7.61
27.02,57.42,0.19,1,9.19
31.56,65.29,1.03,1,2.82
35.88,26.76,7.47,0,4.82
24.28,71.02,4.48,2,19.46
35.94,71.91,3.25,2,9.66
33.28,68.9,1.53,1,18.68
17.03,59.92,0.15,2,11.46
15.26,23.88,0.9,1,11.96
22.56,59.61,1.97,1,15.16
33.23,81.21,1.65,1,0.74
24.42,42.8,1.84,0,3.84
20.19,20.21,0.09,0,3.07
37.42,29.19,3.01,1,5.2
27.3,66.28,1.8,1,0.0
6.44,67.46,0.05,1,24.0
27.54,77.73,8.4,0,10.65
29.16,58.89,0.66,0,0.0
26.8,29.99,0.56,0,0.0
28.6,43.63,4.22,0,0.83
24.46,76.38,1.29,1,4.76
14.45,62.81,2.84,0,9.9
22.03,73.0,0.02,0,1.85
17.44,68.7,1.69,0,12.47
17.54,55.9,0.08,1,10.38
14.9,56.52,0.71,2,21.42
28.62,97.14,0.65,0,4.27
25.78,68.29,10.61,1,10.18
21.41,57.43,1.08,1,2.89
19.81,69.11,5.48,0,7.03
24.81,64.46,1.64,1,11.66
33.63,16.85,5.94,1,0.0
8.97,73.0,3.26,0,10.33
28.02,96.42,0.02,2,19.87
20.63,44.39,0.36,1,7.73
9.92,89.08,0.1,2,14.2
9.43,54.86,0.28,0,4.44
17.7,65.87,0.75,1,12.47
26.76,81.41,4.62,1,4.67
28.14,45.6,3.97,2,18.58
17.49,84.85,0.84,1,10.96
33.14,35.72,1.48,0,8.7
36.38,42.5,5.89,0,4.04
28.17,48.13,0.23,0,6.25
20.27,73.24,2.5,1,11.07
34.0,53.18,0.37,0,3.0
31.04,29.6,15.38,1,11.39
31.94,55.67,1.75,1,0.0
19.75,44.32,7.4,2,8.48
2.32,74.63,0.5,1,15.79
41.93,53.14,13.91,0,5.49
12.11,61.42,0.18,0,10.86
24.71,51.89,0.18,0,6.16
44.05,68.68,5.2,2,0.73
27.64,56.33,4.5,1,17.07
32.59,66.5,0.85,0,10.38
12.98,8.13,0.85,0,0.0
10.78,61.95,1.92,0,7.48
20.74,68.28,8.63,1,0.0
33.73,56.01,2.95,1,2.6
22.23,73.39,5.36,1,9.71
18.64,74.77,6.05,2,20.04
26.58,86.08,0.43,2,8.61
33.66,62.1,2.59,1,1.49
13.44,21.72,13.01,1,17.09
15.32,14.29,0.3,0,0.0
18.69,27.96,1.76,0,1.08
33.76,59.24,4.34,2,13.97
26.88,56.85,13.69,1,7.4
42.06,65.52,0.38,1,7.14
32.49,47.5,1.55,2,8.6
24.72,45.27,4.19,0,6.85
35.12,71.1,2.7,0,0.0
26.69,73.12,6.33,1,1.2
19.36,54.87,0.32,1,14.44
30.44,59.23,2.35,2,16.85
19.43,68.09,2.82,1,14.97
22.68,70.09,5.05,0,2.27
35.62,37.12,5.61,2,22.97
24.19,45.61,1.93,0,7.78
18.57,35.39,2.78,1,10.37
21.29,49.86,0.02,0,0.59
33.17,76.25,3.5,1,6.73
20.58,70.93,0.05,0,4.93
21.91,38.04,3.12,2,26.58
20.92,70.25,2.12,1,7.09
26.47,61.72,9.24,0,7.53
21.92,50.12,0.53,1,11.12
12.19,31.87,1.45,0,9.15
17.9,56.5,5.84,1,17.31
17.54,73.6,2.17,1,9.29
34.95,16.74,5.06,1,1.47
31.5,52.08,2.12,0,0.0
29.7,100.0,3.44,1,9.45
20.96,73.45,6.4,1,6.88
18.47,65.2,0.17,0,2.06
20.94,45.26,6.38,2,24.03
16.58,46.43,0.59,1,21.71
44.98,58.33,4.22,1,9.88
7.04,92.06,2.5,0,4.78
29.51,69.31,1.21,1,0.67
14.72,42.56,9.55,1,20.61
24.17,83.54,5.52,1,3.86
17.1,54.15,1.01,2,19.64
15.58,93.95,0.68,1,0.0
15.88,48.67,1.33,1,12.58
39.04,39.93,1.21,0,4.63
23.94,63.49,0.52,1,4.69
18.87,79.65,8.31,1,7.28
29.45,80.75,6.56,1,6.02
25.08,63.18,6.23,0,4.61
30.76,40.24,1.82,1,11.02
10.41,49.89,4.68,0,12.01
27.43,19.63,1.34,1,4.09
31.18,41.74,5.91,2,15.88
11.71,56.43,7.11,1,20.58
28.59,67.78,2.32,0,5.26
38.57,53.21,1.94,1,5.71
24.88,58.86,2.28,0,8.94
31.57,52.08,0.82,1,7.42
30.36,75.02,0.29,1,1.39
19.34,42.02,1.47,2,27.36
25.32,76.75,4.6,1,5.39
12.46,99.22,3.43,2,25.47
21.39,69.46,5.51,0,8.79
27.13,49.46,1.8,0,7.49
30.78,49.27,0.4,0,7.14
25.2,84.2,2.22,1,2.79
30.76,37.47,0.12,0,6.02
16.18,40.92,1.69,2,23.75
24.19,36.71,0.67,0,5.96
25.15,34.43,5.58,1,13.43
39.8,39.1,0.41,1,0.0
23.29,75.8,1.93,1,6.44
21.01,82.05,1.46,1,3.97
25.17,46.06,5.6,1,7.35
17.65,64.15,2.47,1,6.45
26.54,75.18,1.93,1,0.0
22.08,62.01,2.72,2,16.49
10.67,40.9,0.79,1,20.01
24.53,30.59,2.21,2,12.96
22.46,80.21,1.29,2,7.28
11.94,69.92,0.35,2,24.56
24.46,71.54,4.7,2,6.87
36.91,37.85,1.34,0,3.47
29.17,64.7,0.98,0,4.85
29.9,72.58,0.0,2,11.3
14.27,66.28,0.12,0,2.89
28.82,45.1,0.87,1,14.53
26.19,80.25,1.2,0,0.0
29.23,29.45,3.6,0,4.23
28.38,78.57,1.38,1,2.61
14.12,81.62,4.78,1,9.73
24.67,91.45,2.65,1,1.54
18.94,53.15,1.29,1,5.56
24.6,40.01,0.51,1,3.24
17.82,75.88,0.0,1,7.31
35.5,46.02,1.45,0,3.57
18.13,60.88,1.57,0,3.88
17.81,53.65,1.36,1,8.23
25.6,41.96,4.86,1,7.1
16.38,66.42,0.3,2,16.85
21.6,32.16,0.37,0,0.0
18.36,71.84,0.8,1,3.09
36.29,40.66,2.16,1,2.76
31.29,25.37,3.88,2,18.01
24.54,59.0,7.02,2,24.87
21.87,68.63,0.93,1,16.2
32.53,71.54,0.41,0,5.08
28.24,76.37,2.14,0,0.0
28.98,12.93,1.07,0,0.0
24.79,39.9,12.5,2,15.78
11.49,62.13,0.12,2,10.86
24.1,90.38,0.64,1,6.59
20.74,75.67,4.2,1,16.1
30.16,98.03,1.47,1,13.33
33.09,49.5,2.48,1,1.33
19.74,65.49,5.07,0,7.12
28.75,38.0,3.3,1,5.95
38.89,51.91,2.78,0,2.39
19.66,45.29,3.44,2,19.85
38.46,47.32,0.2,0,2.13
18.18,52.13,0.31,1,8.9
25.18,60.05,2.81,1,4.19
24.91,60.44,1.38,0,8.36
25.09,70.87,16.36,1,8.57
18.3,62.8,5.16,0,5.39
20.27,53.12,7.83,0,9.0
19.66,49.55,0.6,1,5.63
27.62,53.86,2.94,0,3.12
27.64,51.02,0.08,0,1.32
42.81,69.82,3.99,1,0.0
35.97,77.31,0.13,0,0.0
20.92,85.48,3.36,1,0.0
27.6,44.05,0.72,1,12.0
32.98,69.39,2.68,0,0.0
25.24,32.11,0.97,1,12.24
24.44,67.46,0.07,1,7.42
25.41,81.65,3.47,1,10.16
31.94,57.01,1.79,2,13.71
18.21,81.45,3.86,0,0.0
22.39,37.23,0.17,0,11.8
28.76,42.23,2.27,1,15.51
27.49,57.28,0.17,1,5.7
26.92,80.44,0.47,2,8.14
22.04,51.65,4.6,1,16.0
32.78,50.93,0.78,1,5.73
42.07,40.17,0.29,2,17.1
28.25,64.06,0.46,1,11.67
23.45,84.93,0.46,0,0.98
31.05,74.01,5.57,0,5.51
20.69,73.93,2.67,1,12.17
19.0,55.86,4.72,1,16.53
25.26,48.73,0.89,1,2.6
4.34,73.54,2.95,1,12.34
15.77,59.36,6.88,0,8.47
22.22,56.53,2.29,0,3.98
14.17,77.96,6.14,2,11.83
16.74,56.04,0.74,0,3.34
21.51,43.24,10.23,1,20.09
11.86,78.18,0.25,2,18.39
21.75,61.61,4.3,2,16.39
20.72,39.26,0.68,2,19.53
25.2,37.74,0.37,2,22.45
34.23,61.91,2.46,2,8.88
26.38,100.0,1.14,0,0.0
25.17,52.14,0.76,2,24.2
25.8,53.27,1.73,1,7.76
26.82,90.48,13.38,0,14.73
16.87,58.85,3.0,1,19.91
24.08,31.03,0.98,0,0.0
27.47,28.54,12.79,0,0.0
14.03,84.53,0.98,1,1.56
31.93,73.33,3.82,0,0.68
33.65,76.52,0.92,2,7.87
19.95,58.84,4.47,0,1.52
23.07,45.47,3.1,2,12.27
17.97,55.66,2.55,0,12.4
30.6,62.72,1.84,2,15.4
16.51,43.23,0.83,0,9.66
23.22,71.23,2.82,0,2.55
18.13,34.81,6.22,0,8.26
25.41,53.34,0.1,2,26.7
10.65,55.92,3.96,0,9.91
35.61,46.18,6.36,0,9.15
17.28,15.89,2.88,1,2.99
25.48,68.96,0.9,0,0.0
23.3,44.88,1.3,0,6.39
18.9,86.51,4.14,0,2.12
17.9,53.16,1.37,1,12.58
32.49,49.17,0.02,1,12.23
20.79,61.83,0.33,2,18.11
27.17,81.07,1.01,1,7.88
18.59,48.73,1.5,1,20.14
19.82,80.29,1.36,0,0.0
28.78,88.81,4.93,2,8.55
32.44,79.81,0.75,1,0.0
23.6,92.53,1.58,0,0.0
13.62,85.85,5.05,1,3.82
40.98,90.3,4.73,1,0.8
18.15,92.09,0.69,1,8.47
12.67,64.16,1.36,1,15.92
45.76,51.42,0.51,0,0.0
21.77,14.76,0.28,2,10.76
13.31,33.55,2.42,1,16.03
19.53,51.03,1.15,1,16.8
27.94,52.37,2.16,0,0.0
26.52,56.94,2.66,1,1.91
18.19,39.98,2.8,1,12.87
39.58,28.08,8.48,1,3.74
20.83,57.4,0.8,0,9.09
15.52,56.21,6.85,0,3.53
32.69,43.85,0.16,1,2.85
35.63,45.16,0.09,1,11.74
18.46,41.2,0.35,2,28.07
13.79,52.07,3.1,1,15.72
33.24,42.87,2.27,0,10.93
8.62,85.2,0.53,1,13.31
15.19,64.82,0.48,0,9.05
32.74,40.55,2.26,1,2.38
24.56,54.39,9.58,2,16.39
22.89,36.39,0.61,1,7.21
27.82,80.24,0.9,0,0.0
23.78,87.68,0.39,0,0.0
14.61,85.04,2.71,1,0.52
35.21,37.11,7.84,1,8.86
35.6,58.17,0.82,0,4.52
26.64,51.97,1.92,2,16.17
25.36,71.24,7.15,0,2.01
43.72,39.84,3.7,1,3.07
22.79,46.48,2.25,0,8.55
22.92,51.74,3.06,1,9.9
27.92,63.07,3.94,1,0.0
36.77,73.88,3.91,1,13.95
37.74,53.43,1.99,1,7.17
22.93,73.28,0.99,1,7.52
27.47,76.44,0.69,2,13.05
13.98,55.74,7.53,1,17.65
22.5,35.09,0.18,1,11.71
18.28,36.58,1.23,0,10.93
16.95,71.83,3.51,1,21.79
38.45,50.48,2.75,0,0.16
18.66,25.75,1.7,1,9.44
20.75,72.26,0.33,2,10.22
27.93,62.59,0.45,2,10.3
35.38,31.88,3.58,2,21.09
28.85,83.59,1.98,1,6.78
47.07,76.73,1.24,2,6.39
24.4,62.77,1.41,1,6.91
27.07,34.51,1.68,1,10.32
27.2,31.95,3.45,1,7.17
36.48,53.86,2.76,0,1.82
29.06,25.72,0.22,0,4.44
24.07,68.1,0.51,1,3.15
17.42,31.78,0.22,0,9.07
26.96,63.3,0.11,0,0.0
36.21,54.24,4.49,2,9.46
21.72,74.24,5.71,1,9.65
29.23,41.24,1.61,0,4.25
26.97,65.47,10.41,1,13.68
31.91,32.1,5.98,0,2.86
18.56,75.91,5.91,1,15.29
43.77,57.7,1.37,1,5.61
14.77,69.92,9.26,1,14.81
22.08,33.59,4.15,1,0.03
32.5,69.98,1.31,1,6.32
27.37,66.12,6.59,1,4.99
31.64,67.27,0.01,1,2.84
21.03,66.25,2.54,0,0.0
24.4,56.13,2.2,0,4.31
25.1,84.83,0.26,2,13.29
37.55,56.88,5.95,1,10.91
30.52,45.22,0.99,2,5.79
31.37,58.83,1.42,0,0.33
19.74,40.99,1.93,0,2.91
32.75,50.72,5.09,2,9.61
26.8,56.46,2.71,1,7.58
36.11,52.41,2.49,1,10.81
41.11,63.99,1.35,1,0.0
22.55,98.92,0.98,0,1.18
21.75,71.42,1.95,1,5.93
18.09,81.45,0.89,0,0.0
23.85,49.93,1.24,1,7.85
21.94,48.26,1.74,1,5.0
27.88,52.44,5.56,0,4.72
23.84,77.06,8.0,1,13.49
22.11,17.04,5.31,2,15.17
33.52,39.34,2.24,2,24.66
17.5,62.05,3.73,0,1.9
28.46,55.52,1.22,0,6.89
21.75,99.35,1.84,2,17.8
30.79,68.95,8.46,0,0.0
36.08,46.76,1.32,0,9.7
22.58,28.45,0.57,1,10.96
28.53,53.19,1.92,1,1.19
26.43,33.94,3.17,0,3.36
18.6,69.34,0.41,0,4.78
26.93,63.22,0.39,0,7.82
27.31,66.4,1.09,1,10.61
28.3,100.0,7.15,1,8.02
23.41,41.85,3.37,2,15.06
25.75,56.15,0.75,1,0.0
15.82,35.75,2.78,1,11.3
22.14,58.39,3.24,1,8.38
29.45,91.87,2.22,0,3.53
32.14,71.37,4.27,0,0.82
21.62,57.71,0.08,0,12.11
25.84,65.03,0.64,0,8.44
26.82,35.78,10.18,0,11.56
26.61,52.13,2.07,0,9.52
29.33,61.71,0.24,1,11.84
10.46,61.99,1.11,1,10.24
24.61,29.39,0.01,0,19.78
26.91,66.55,2.6,2,17.42
17.0,65.58,22.67,0,15.28
38.39,52.46,2.68,0,4.34
26.29,60.08,2.83,0,3.56
37.51,30.33,1.19,2,11.62
18.68,30.4,0.81,0,4.75
17.74,62.69,2.13,1,11.74
26.79,46.65,6.9,1,7.84
11.57,59.77,0.03,1,7.95
26.72,76.79,2.53,1,3.45
25.78,56.52,1.68,2,17.34
33.13,3.79,2.91,1,0.0
30.61,56.99,5.5,0,0.0
21.66,50.38,1.79,0,7.18
16.22,55.31,0.74,1,8.22
38.7,77.99,1.42,0,0.0
18.66,28.43,0.49,2,18.82
16.64,64.88,0.27,0,1.95
16.32,91.41,1.41,2,13.49
33.94,47.48,2.95,0,0.0
20.85,69.45,0.91,1,9.91
18.97,79.33,7.42,1,2.31
26.1,64.2,3.5,1,9.48
23.34,46.3,3.48,1,11.73
19.58,45.81,3.53,1,9.91
31.03,74.88,0.01,0,0.0
33.52,71.84,5.03,0,1.14
32.88,44.27,7.49,0,0.0
31.14,36.47,0.06,1,16.29
28.22,34.38,2.74,0,2.12
10.79,93.23,3.39,0,4.22
38.35,58.64,0.66,2,13.37
27.42,100.0,5.46,1,6.8
29.87,71.11,2.95,1,14.44
33.92,68.79,0.76,2,11.69
36.47,66.13,10.25,1,0.0
28.35,79.98,0.73,0,0.0
28.48,40.68,3.41,1,14.83
20.21,100.0,1.93,1,2.58
25.26,57.99,3.85,1,6.33
18.17,45.93,0.31,1,21.23
19.24,66.05,9.14,1,12.93
17.85,81.85,0.69,0,0.0
23.75,39.85,0.75,1,8.14
33.39,71.34,2.42,1,4.72
50.37,45.67,1.29,1,10.83
26.52,49.87,1.75,1,5.59
14.21,50.21,0.11,1,13.62
35.12,75.27,0.8,0,0.0
22.59,37.82,4.46,0,3.91
19.72,63.85,6.97,2,13.11
26.68,53.13,0.8,2,9.92
15.08,43.06,4.45,0,0.0
26.78,35.73,0.09,1,5.42
24.29,35.94,0.14,0,5.34
25.79,27.32,1.5,2,16.08
28.05,77.92,0.48,0,0.0
25.54,55.17,0.55,0,7.03
25.13,63.17,2.96,1,15.24
27.27,83.56,5.86,0,0.0
28.32,35.6,4.53,1,10.91
16.75,41.17,1.23,1,17.19
13.56,65.09,6.24,0,18.16
24.51,23.52,5.52,1,16.65
13.54,48.43,2.23,2,23.33
25.7,41.5,1.94,2,15.58
32.51,66.59,0.18,1,6.8
29.86,51.48,0.49,0,6.65
16.61,100.0,0.27,2,12.45
18.12,78.76,2.24,1,4.45
27.63,42.94,3.39,1,0.91
21.79,52.25,2.89,1,11.17
22.47,53.05,6.19,0,5.8
29.78,100.0,3.23,0,3.07
17.1,29.8,5.31,1,15.41
21.79,64.07,0.45,1,10.22
18.6,18.31,0.56,1,11.9
16.65,59.86,7.52,1,15.69
18.14,98.2,1.31,1,9.29
30.42,51.83,0.73,0,11.2
25.41,82.09,7.29,1,6.08
17.97,58.68,10.53,1,12.99
23.15,51.55,3.05,0,6.22
11.89,54.97,1.47,2,19.41
19.13,48.26,3.5,0,4.19
42.2,47.48,0.05,0,4.99
24.28,33.4,0.47,1,9.49
30.85,90.14,1.38,0,7.21
24.48,52.14,5.36,0,13.36
27.79,65.88,1.09,2,21.48
30.31,42.47,0.18,0,0.0
16.16,82.34,1.43,1,15.55
24.75,54.53,0.83,1,1.94
37.63,58.18,0.17,0,0.0
18.64,23.42,1.53,0,6.93
20.47,67.92,1.3,1,4.1
22.54,96.23,3.97,1,8.46
27.15,42.62,0.2,1,14.35
29.2,50.84,1.43,2,16.16
35.14,37.23,1.26,1,8.88
29.0,62.58,3.12,2,15.18
24.5,61.28,6.57,1,14.82
35.07,74.1,0.46,1,0.0
30.63,71.03,5.08,0,0.14
13.03,43.75,2.82,1,18.39
45.21,64.5,0.09,0,1.48
39.16,53.43,4.37,0,2.51
23.65,38.18,2.31,1,11.55
28.02,57.46,4.83,1,9.55
35.59,100.0,1.58,1,5.15
23.62,100.0,3.29,0,1.87
30.84,62.8,0.66,0,0.0
33.84,94.78,0.64,0,0.0
16.88,59.09,1.25,1,13.01
20.18,58.94,2.2,2,15.03
32.37,21.01,3.78,1,7.65
28.69,40.8,3.3,2,24.46
32.39,44.33,5.17,1,6.88
23.94,62.15,1.67,1,7.65
22.69,60.28,7.31,0,5.31
9.01,48.42,0.35,2,23.3
15.83,48.22,0.62,1,12.88
25.38,56.68,3.45,1,12.48
31.6,32.37,0.88,2,18.64
29.25,47.75,0.54,2,17.35
23.97,52.37,6.53,1,6.17
22.83,35.02,0.21,1,12.11
26.74,53.4,14.29,1,12.58
25.63,43.3,5.95,0,4.01
36.24,84.71,6.08,1,3.95
26.17,55.12,2.97,1,9.31
13.15,56.21,0.76,0,15.8
14.82,68.56,4.8,1,12.25
37.15,71.14,0.17,0,0.0
15.63,25.28,2.62,1,18.45
31.12,52.46,1.73,0,8.92
22.85,41.82,4.16,1,10.46
23.64,57.1,0.07,1,7.91
23.93,49.27,1.47,0,7.94
34.77,63.14,1.95,1,5.89
23.46,40.39,0.5,2,25.67
24.73,48.64,1.61,2,20.43
12.75,48.18,7.24,0,21.54
26.65,81.65,1.9,0,0.0
29.25,67.36,0.87,1,5.19
26.91,67.38,2.28,0,6.59
36.18,54.27,0.19,1,2.06
25.44,52.31,1.05,1,12.42
27.39,71.22,4.59,1,14.77
38.19,75.55,3.08,1,4.24
12.6,60.3,0.07,1,11.02
21.35,82.83,2.53,0,0.0
36.41,85.48,0.74,0,0.0
32.49,26.71,11.16,1,9.23
30.43,68.61,4.59,0,12.72
31.66,59.15,0.41,1,6.6
27.62,67.77,1.46,1,9.19
38.05,82.32,2.02,0,1.72
28.02,41.59,0.6,2,18.99
26.92,27.59,3.66,1,6.7
26.27,82.12,5.52,2,15.51
26.54,40.03,0.01,2,24.11
15.74,46.28,0.43,0,8.06
31.17,64.09,1.0,1,8.41
23.96,46.28,12.43,0,13.92
39.58,28.16,1.56,0,0.0
24.39,60.68,0.56,1,2.65
28.37,44.37,0.39,1,14.4
26.97,71.96,6.95,1,11.56
20.0,49.88,4.99,1,14.44
32.94,46.23,2.9,0,2.66
40.24,55.8,2.33,1,0.0
24.88,81.04,4.5,2,19.64
22.6,78.16,1.15,1,0.0
22.16,38.14,3.06,1,8.03
9.86,100.0,4.01,1,22.18
23.58,53.48,2.57,1,7.83
27.01,36.95,0.55,1,9.3
33.44,77.76,12.79,1,0.22
32.68,52.77,5.0,2,13.26
21.67,100.0,2.02,1,12.5
22.79,76.95,2.9,2,15.24
33.99,56.03,4.28,0,14.17
23.61,91.51,1.84,0,0.0
20.92,76.98,4.03,2,15.05
36.14,35.42,4.45,2,15.2
33.3,77.77,1.84,0,0.0
25.15,49.67,0.62,0,7.61
20.25,58.33,2.73,1,10.1
8.9,62.62,2.42,1,7.5
29.72,42.42,2.08,0,9.98
17.83,33.33,0.18,0,4.83
9.3,67.36,4.51,0,8.02
37.68,32.24,2.32,2,9.72
30.18,8.5,1.69,1,0.0
15.89,43.28,5.06,0,6.25
15.28,66.62,0.66,1,11.99
31.97,54.6,0.95,0,0.0
17.98,85.34,3.06,0,4.98
35.37,63.68,1.48,2,13.04
29.93,44.67,1.08,1,13.15
29.29,51.21,0.88,1,1.96
28.24,31.27,2.0,1,10.33
26.53,81.72,4.48,0,0.0
32.04,32.38,4.91,2,20.74
21.37,41.59,4.69,1,16.61
25.69,56.79,6.51,0,10.07
31.02,60.05,0.16,1,6.51
29.5,29.95,12.09,1,0.58
15.44,41.89,1.67,0,3.4
21.0,65.3,0.64,0,7.82
27.02,82.59,10.52,2,12.04
21.74,66.98,5.23,0,10.46
39.2,59.48,7.97,1,0.0
21.85,28.75,2.22,0,10.56
23.7,47.65,4.13,0,10.25
31.16,70.43,2.2,0,2.58
27.64,81.62,2.33,0,0.3
23.84,77.79,9.08,1,2.97
18.95,62.76,4.02,2,16.81
27.41,84.09,2.51,0,2.67
33.31,100.0,1.5,1,0.0
28.83,48.12,0.54,2,23.14
18.77,44.74,0.37,2,25.98
38.89,90.37,1.07,0,2.43
13.43,64.71,3.54,2,23.73
12.34,62.25,0.64,0,0.98
32.68,67.85,0.42,0,0.28
26.81,46.91,0.24,1,13.42
20.6,39.3,5.62,1,11.23
16.21,44.46,0.83,0,5.06
43.57,84.92,0.67,1,0.0
25.94,31.27,1.49,1,4.04
29.27,69.97,2.98,1,6.48
27.54,48.85,2.65,1,10.7
28.48,52.93,7.72,1,18.48
29.32,74.86,3.44,2,12.27
30.86,76.88,2.48,1,2.18
22.0,66.86,3.73,1,11.22
22.67,22.54,3.27,1,3.55
11.07,91.42,4.38,0,12.19
18.76,86.2,2.55,2,19.41
27.17,61.83,4.94,0,0.0
33.36,60.21,6.91,1,8.65
29.79,96.03,3.58,1,3.85
22.27,78.94,1.33,0,2.27
14.89,59.41,0.99,1,17.21
2.78,54.15,3.04,1,14.17
34.21,56.13,2.99,0,0.0
20.29,83.54,0.07,2,18.07
21.41,80.8,4.12,1,0.0
26.05,27.73,0.75,1,8.08
13.76,69.29,0.17,1,9.56
22.2,77.28,0.5,1,4.24
41.19,29.87,3.21,1,6.4
29.04,59.94,2.22,1,2.81
27.87,24.46,5.63,1,10.39
12.34,62.59,0.34,1,9.1
42.95,18.34,5.31,1,0.0
13.62,46.37,3.16,1,10.93
40.38,47.78,0.73,1,1.46
8.08,45.82,4.01,1,19.02
36.24,89.03,4.06,2,21.85
37.94,70.71,0.34,0,3.14
18.4,52.01,0.93,2,26.92
28.38,41.34,3.06,1,0.0
29.38,55.22,1.44,1,13.08
18.49,39.42,4.35,0,7.04
13.41,79.46,2.3,0,8.21
14.46,99.94,5.83,0,1.24
29.33,81.06,0.35,0,1.75
24.32,66.63,3.97,1,4.16
20.49,56.69,1.87,1,5.1
32.73,51.9,2.2,1,11.61
29.06,94.91,1.0,1,13.7
18.96,48.48,0.94,0,9.85
15.39,91.22,0.63,2,18.87
29.19,37.37,1.4,1,17.7
20.7,54.08,0.82,1,2.04
25.79,25.72,0.63,2,14.78
37.61,63.18,9.79,1,0.0
29.02,34.73,1.78,1,6.69
18.1,93.3,3.4,1,6.95
26.29,68.25,1.41,0,11.31
17.38,70.75,2.53,0,5.66
37.87,65.65,2.07,1,3.93
20.51,38.15,2.85,1,10.56
26.66,62.48,3.85,0,3.71
27.46,96.74,3.27,0,5.01
26.27,60.17,4.31,0,4.13
9.33,39.66,0.47,2,22.47
13.43,22.95,0.3,1,10.29
21.38,45.73,1.24,0,2.08
27.56,24.76,1.97,0,0.0
23.9,76.61,0.76,2,6.15
17.34,75.62,4.45,1,9.39
14.21,42.49,3.81,1,12.41
21.79,72.28,7.35,1,7.0
21.25,48.47,3.92,1,9.94
29.1,59.09,0.34,1,3.66
22.39,67.44,3.28,0,2.59
29.82,51.12,1.59,0,0.0
20.24,68.36,0.9,0,2.89
22.95,26.29,2.76,2,13.56
22.22,62.35,1.08,0,0.91
18.74,59.3,2.27,1,16.32
30.0,19.07,2.57,2,14.57
18.49,23.81,2.26,0,0.0
20.83,22.81,0.03,0,0.0
24.42,68.29,1.29,1,1.73
14.62,62.48,4.69,0,13.17
22.4,65.48,1.28,2,13.75
19.31,33.47,2.14,0,11.96
21.89,82.78,1.28,0,0.93
24.52,79.66,0.67,0,0.0
18.6,44.66,0.67,1,11.22
23.24,83.52,4.15,2,4.45
35.47,54.98,2.97,1,6.7
24.79,24.48,8.07,1,11.53
34.16,27.35,1.64,1,3.94
27.77,74.67,3.04,1,7.61
31.19,57.92,1.9,0,6.11
18.8,77.62,1.93,1,10.5
25.84,58.23,5.77,1,16.78
26.07,65.35,1.82,1,2.32
20.1,100.0,7.9,2,18.63
18.42,87.94,2.91,1,5.81
13.08,51.34,0.27,1,16.49
36.97,67.5,0.21,2,3.5
17.22,69.89,12.1,1,9.59
35.77,75.23,1.53,0,0.0
21.26,61.42,2.66,2,18.19
18.1,50.13,1.69,2,20.55
29.98,59.93,0.52,0,0.0
19.95,50.39,0.4,1,0.0
29.55,93.67,0.72,2,7.92
22.34,84.81,2.79,1,0.0
28.84,55.93,2.37,1,6.06
17.25,68.57,1.2,1,5.37
31.65,56.69,0.14,0,3.0
28.9,83.86,1.17,1,1.95
17.64,80.98,1.52,1,2.92
46.14,71.37,4.24,1,1.26
29.32,77.43,4.01,1,0.0
43.32,73.21,0.75,0,0.0
37.8,83.48,0.78,1,0.0
23.49,70.62,2.97,1,2.48
21.7,63.04,3.16,1,9.08
21.77,48.46,2.47,0,1.35
10.36,28.56,0.36,1,13.86
19.43,59.44,1.01,0,0.0
26.97,45.18,0.1,1,5.42
37.21,61.2,4.3,1,0.0
18.82,82.81,4.93,0,13.2
32.06,63.46,7.6,1,0.95
14.98,51.7,0.28,0,6.63
20.31,42.94,7.1,2,26.64
21.34,31.4,7.52,0,15.12
27.97,86.66,18.23,0,0.0
28.66,24.47,4.51,1,10.33
32.7,41.3,0.91,0,1.4
31.17,13.74,0.92,1,0.0
26.95,53.68,3.5,1,15.12
28.12,53.15,3.42,2,17.26
37.71,51.91,3.24,2,12.89
20.91,58.74,1.31,0,13.81
31.2,43.57,2.2,1,10.38
10.53,41.73,1.08,2,30.21
28.29,96.36,2.72,1,11.26
21.13,53.32,4.44,1,15.29
25.02,78.15,3.6,2,16.6
33.32,43.26,1.7,0,0.0
26.32,92.25,2.23,1,4.47
32.08,90.28,4.44,1,5.3
36.79,64.62,0.8,1,8.83
28.11,38.01,0.75,1,1.44
34.37,61.74,1.99,2,8.17
22.39,60.95,2.04,1,19.44
24.93,64.79,0.07,2,15.42
20.82,40.44,2.62,0,8.54
33.34,29.54,1.62,2,14.18
28.31,63.25,2.58,0,5.15
20.94,59.79,7.39,2,24.17
26.24,60.04,1.22,2,20.18
33.33,80.54,0.34,1,0.0
24.69,30.5,0.69,1,16.44
17.41,80.21,1.1,2,20.75
26.06,45.14,5.97,0,4.97
9.16,52.1,2.39,1,18.34
31.15,43.48,15.94,0,12.76
21.63,61.79,1.01,0,17.22
21.25,21.88,0.21,0,9.26
32.01,48.64,1.08,1,3.58
14.08,49.68,14.72,1,13.73
40.58,85.28,4.08,2,0.0
21.16,63.01,7.4,2,22.6
20.81,73.91,2.71,2,10.9
33.17,60.12,0.97,1,5.15
30.67,39.02,9.27,2,18.55
44.61,78.14,0.78,1,0.0
23.31,43.09,1.52,0,8.95
24.04,49.48,1.04,1,8.22
13.17,63.64,3.09,1,7.03
22.34,78.91,1.62,2,14.91
19.23,55.97,9.45,0,7.63
21.41,90.21,10.27,2,14.73
11.05,48.57,0.31,1,15.41
38.28,73.31,7.91,2,11.36
13.67,60.07,4.8,1,14.45
2.58,90.93,3.74,1,18.83
15.49,64.29,1.35,1,6.42
20.17,22.45,3.41,1,9.02
15.8,81.77,4.99,2,11.52
33.79,58.37,5.32,0,3.38
23.9,48.94,4.92,1,16.7
25.2,84.46,1.16,1,3.21
29.88,53.37,0.61,0,6.4
27.29,72.0,2.35,1,18.04
32.83,44.63,0.88,0,8.46
16.12,43.28,4.61,1,11.96
20.62,96.21,0.14,1,7.67
30.33,44.26,1.66,1,7.03
4.72,48.3,4.52,1,17.34
14.0,25.83,0.25,0,8.62
29.01,92.6,3.48,0,0.46
21.16,67.96,0.79,1,7.16
32.49,64.76,0.41,1,10.28
31.47,79.5,1.1,1,0.0
15.42,33.41,0.06,1,13.02
28.25,49.18,2.98,0,3.97
34.61,58.17,1.21,1,10.73
26.18,29.03,15.21,0,19.54
17.18,86.23,0.31,2,11.21
32.04,59.63,6.76,1,15.25
30.08,53.53,2.07,0,5.17
29.34,64.72,0.38,2,13.65
30.73,44.95,5.82,1,12.66
1.04,60.9,0.35,1,17.07
32.05,100.0,3.11,1,0.66
39.47,72.09,0.84,1,0.0
28.49,93.37,1.79,1,2.99
26.54,52.9,2.55,1,8.74
30.57,44.97,7.57,1,9.41
27.71,66.19,1.0,0,0.83
30.21,33.17,1.47,2,17.3
25.01,13.86,0.67,0,0.0
18.87,74.63,1.26,0,9.69
16.97,72.83,0.4,1,12.8
17.01,76.68,2.38,1,5.82
14.02,60.56,2.46,0,9.73
16.46,99.57,2.93,1,10.4
39.09,58.25,0.79,1,4.86
31.03,48.92,1.7,0,3.35
20.0,0.0,0.13,0,0.0
21.88,59.06,0.12,1,0.6
25.9,76.64,1.11,0,0.0
19.76,60.14,2.01,0,4.02
25.54,82.48,3.54,1,0.0
31.22,100.0,4.26,1,5.82
24.71,56.53,1.54,0,0.25
27.69,84.63,4.23,1,1.78
32.09,28.28,3.9,0,3.19
22.82,80.63,3.0,2,16.91
27.28,61.27,0.46,0,5.34
22.52,55.57,1.02,1,10.32
24.77,56.73,2.29,0,4.92
22.4,56.87,5.04,0,6.71
20.77,53.82,1.55,0,9.69
26.39,63.97,10.24,1,19.02
29.53,56.51,3.28,2,11.52
26.17,36.88,1.13,1,9.12
28.99,68.34,2.47,2,6.0
19.1,47.84,1.41,0,18.98
15.37,80.96,7.29,1,3.82
28.34,59.32,0.15,1,11.94
30.5,62.54,0.78,0,0.0
25.4,19.02,0.3,0,0.0
35.78,34.87,4.91,1,8.2
32.26,78.79,0.64,1,0.0
46.44,45.32,4.07,1,12.63
23.39,49.35,2.47,2,18.9
17.01,54.44,5.32,1,24.97
19.08,87.27,15.86,0,9.63
20.48,67.48,0.5,1,0.0
28.81,86.21,0.49,0,0.0
7.74,54.65,3.03,0,13.54
35.55,64.26,0.11,0,3.64
23.09,35.94,5.1,0,4.32
23.03,83.56,1.42,2,7.06
16.37,62.17,1.53,1,7.53
24.09,60.88,2.55,1,4.68
25.11,66.77,1.26,1,12.17
24.02,88.94,1.07,2,19.67
27.71,55.71,0.69,1,9.39
20.28,93.26,3.81,1,0.0
17.83,42.97,4.39,1,12.51
29.39,68.44,2.81,0,4.48
25.79,100.0,0.81,0,2.54
26.58,50.2,3.56,1,10.38
33.47,64.91,0.52,1,0.0
16.82,77.55,6.32,0,6.19
18.16,57.24,1.77,1,18.81
35.06,29.99,1.94,1,4.88
13.14,38.88,0.69,1,11.9
14.52,71.62,2.87,0,1.3
31.54,77.83,12.61,1,0.47
26.91,75.69,2.67,0,6.25
25.84,82.93,3.17,1,8.78
24.27,61.44,1.02,1,11.28
25.25,64.16,1.18,1,7.98
24.26,29.62,0.66,2,23.4
35.84,66.35,2.17,1,10.43
21.81,72.25,0.48,1,0.0
23.71,48.34,2.89,2,16.93
39.36,72.88,1.88,1,0.0
25.22,23.68,2.94,0,5.83
42.86,75.02,0.22,1,0.43
24.16,66.01,6.46,1,4.84
35.94,100.0,1.43,0,0.0
11.76,88.26,0.7,0,0.0
26.23,90.14,2.08,2,1.37
12.32,76.35,7.97,2,16.15
31.76,72.93,3.56,1,0.27
15.3,36.37,1.25,2,24.37
27.27,53.3,1.09,1,13.65
22.74,96.53,3.25,1,7.63
15.73,30.88,0.28,0,8.47
12.05,50.99,1.36,0,21.29
20.91,31.62,1.95,2,21.28
38.93,89.02,4.29,0,0.0
22.65,48.68,1.18,1,17.43
32.34,90.89,4.71,2,11.85
24.54,51.72,4.58,1,11.58
32.01,49.92,0.06,0,1.33
10.38,85.57,0.63,1,9.97
21.77,78.78,3.18,0,0.0
32.6,5.67,2.06,1,0.0
23.69,69.02,0.08,1,1.31
24.31,72.0,1.34,1,11.13
21.56,64.2,2.95,1,7.78
34.2,46.85,14.37,2,20.34
27.38,60.57,0.7,0,0.0
25.35,52.04,0.5,0,4.16
30.14,64.23,1.36,2,20.77
29.71,55.95,2.4,1,10.85
26.7,47.56,3.28,1,7.37
37.38,63.28,1.34,2,9.01
24.52,76.05,0.78,0,0.0
27.22,65.78,0.02,1,2.8
19.86,48.93,0.61,1,10.67
26.2,66.73,0.32,1,11.9
37.7,81.4,0.83,1,0.0
19.85,91.91,1.17,1,2.19
15.93,84.15,0.25,0,0.0
32.97,70.75,1.56,2,8.02
23.81,39.82,0.55,1,22.74
25.77,32.69,2.61,1,16.87
24.64,55.95,1.42,1,12.85
25.63,31.82,3.06,0,11.27
31.8,44.3,4.49,0,2.53
18.29,56.6,0.27,2,16.55
16.91,50.32,1.45,0,15.34
25.68,53.44,11.42,1,13.26
12.15,33.44,0.01,1,12.31
14.02,64.63,1.84,1,17.53
39.93,79.93,1.9,1,0.0
31.06,49.04,5.21,0,11.3
24.92,74.52,1.03,2,14.72
34.9,100.0,4.49,2,9.54
16.68,58.16,0.01,1,10.66
22.48,73.02,2.02,0,4.69
29.99,63.94,1.15,0,0.0
32.13,79.39,4.95,0,3.3
29.1,25.63,1.55,2,10.7
4.67,38.86,0.22,1,19.28
17.26,62.87,3.7,1,4.53
28.82,77.74,0.04,1,0.0
22.15,62.61,1.22,1,8.78
45.32,26.71,2.07,1,0.0
32.41,43.53,4.06,0,0.0
29.46,44.11,1.13,1,15.05
16.06,67.78,0.33,1,12.73
24.72,44.76,5.23,1,9.26
26.93,46.38,0.03,1,11.88
34.02,81.69,6.19,0,0.0
32.05,86.71,0.34,1,10.19
33.26,51.73,0.4,0,0.0
17.61,68.5,0.55,2,25.22
36.3,22.37,0.48,0,3.21
13.96,63.97,4.75,0,8.7
20.71,83.8,5.0,0,0.0
28.45,70.54,0.56,2,6.59
23.8,62.02,0.36,0,2.1
16.95,52.23,2.55,1,11.45
18.43,47.06,3.61,1,12.0
12.61,56.42,2.46,2,12.32
29.26,28.97,0.08,0,13.26
35.08,92.21,4.36,1,3.41
24.2,71.28,3.76,2,14.97
21.8,57.95,3.79,1,4.02
13.22,47.6,0.7,0,13.09
32.31,58.59,0.22,0,0.0
42.69,75.96,17.73,1,1.87
10.62,80.23,1.95,1,9.39
16.49,41.93,3.89,2,30.6
19.56,40.53,0.3,2,28.31
20.49,100.0,2.11,2,9.55
26.82,82.73,2.1,0,0.08
37.91,74.17,0.39,1,1.95
33.07,57.23,1.3,2,18.53
29.22,78.48,6.66,1,5.1
19.21,34.54,3.52,0,8.67
16.04,90.64,3.95,2,21.53
18.63,59.28,6.32,1,18.32
37.38,75.82,1.11,1,6.15
24.51,72.92,4.68,1,2.5
21.43,57.37,0.3,0,3.13
23.53,56.49,2.59,2,15.54
31.6,84.43,2.29,0,0.0
14.5,80.53,1.69,1,10.71
36.32,24.56,0.7,0,2.49
26.25,26.15,1.67,0,5.65
23.27,41.08,5.58,0,10.18
28.54,42.13,3.94,2,18.51
26.75,37.63,1.74,1,13.18
22.25,65.44,10.29,1,13.43
22.98,50.73,4.62,0,12.85
18.05,84.12,0.14,1,14.1
30.25,89.06,4.17,1,1.66
20.74,59.43,3.8,0,4.1
17.35,93.67,0.15,1,9.26
26.33,60.48,7.83,2,16.14
35.63,51.3,1.89,1,12.68
24.61,61.3,0.82,0,0.0
20.14,78.9,1.78,2,14.3
28.23,27.71,5.38,2,17.51
40.49,55.83,0.87,2,6.89
13.38,65.95,7.36,1,3.04
28.06,67.26,0.2,1,1.7
26.64,52.63,0.28,1,6.73
34.29,69.78,2.74,1,6.69
32.93,65.84,2.14,0,3.35
23.51,48.16,3.34,0,6.52
11.52,100.0,0.13,0,9.54
31.45,68.79,0.9,1,0.0
18.32,53.38,3.64,1,9.69
17.43,48.57,1.27,2,20.31
34.19,80.59,1.09,2,18.1
17.71,62.04,5.14,1,4.47
36.22,100.0,4.77,1,6.91
27.69,51.28,4.1,0,8.91
27.55,35.15,2.96,1,0.99
27.46,59.45,9.26,0,6.86
11.89,63.5,0.06,2,22.24
10.79,17.63,0.5,0,2.64
26.72,53.82,1.85,1,9.99
29.54,52.63,0.99,0,0.38
25.66,52.62,1.04,1,0.0
18.43,47.4,11.78,0,0.0
25.15,33.14,0.14,2,15.4
24.34,75.16,0.08,1,6.36
17.34,48.32,8.21,2,22.04
33.11,39.53,0.52,0,5.54
11.16,44.8,0.13,2,27.02
29.71,50.55,1.84,1,14.4
28.07,62.17,6.41,1,9.47
33.08,73.37,1.1,0,8.14
16.96,40.94,8.08,1,21.6
25.81,50.41,6.01,0,11.78
42.37,33.09,0.99,2,4.13
30.3,0.0,1.72,1,0.0
25.8,63.12,7.72,0,2.09
29.31,90.4,0.39,2,16.88
25.69,70.44,0.19,1,2.36
42.53,49.86,0.63,1,5.71
32.87,61.93,0.77,1,3.3
24.32,36.5,0.59,1,11.07
27.02,57.55,0.1,0,1.78
21.87,51.45,3.79,1,12.47
34.68,42.95,0.53,1,12.09
13.75,68.11,1.82,2,21.65
12.16,100.0,0.38,0,0.0
36.67,93.31,1.36,0,0.0
42.22,58.56,1.52,2,13.34
28.75,77.68,7.33,1,3.44
25.9,77.25,3.67,0,9.18
30.26,47.05,7.1,0,6.08
19.82,72.88,2.01,0,0.0
26.37,31.18,0.56,1,10.52
25.31,43.89,1.58,2,16.2
30.01,64.78,2.7,1,2.11
12.54,51.7,2.34,1,12.66
20.94,95.13,6.8,0,9.44
31.76,72.96,2.69,1,4.76
19.6,52.36,0.89,2,23.81
17.05,50.59,9.15,0,6.94
41.34,63.74,0.57,0,2.12
25.3,38.89,1.94,2,18.64
20.37,71.91,6.56,2,14.0
11.46,32.49,3.71,0,4.63
30.83,72.46,2.3,0,5.55
30.59,56.71,3.49,1,8.56
22.61,68.29,1.73,0,5.38
16.18,39.75,1.52,0,3.72
24.8,64.9,2.97,0,3.89
18.31,100.0,4.01,0,1.78
17.46,50.86,8.32,0,13.64
24.17,66.35,5.43,2,15.67
16.59,90.11,9.71,1,0.0
26.97,75.23,0.37,0,0.0
29.86,68.64,13.66,2,17.13
18.28,39.73,0.67,1,13.17
14.05,34.45,0.25,1,11.67
37.49,61.07,3.21,2,8.72
17.48,50.74,3.36,1,13.2
19.72,59.62,10.93,1,8.88
26.7,64.11,4.42,0,4.04
29.79,46.47,1.5,1,14.27
22.95,69.88,2.75,0,1.01
28.69,97.17,2.82,1,2.37
21.79,39.81,4.35,0,10.38
17.23,50.61,2.61,0,19.58
36.41,59.01,1.47,1,0.0
44.91,82.81,3.43,1,4.96
38.57,36.27,0.82,0,5.27
26.13,38.7,1.29,0,12.56
39.67,16.73,0.22,2,12.64
27.85,51.19,5.08,0,6.18
21.18,73.6,0.22,1,8.61
28.73,81.3,1.06,1,2.28
24.24,67.14,7.8,0,0.0
17.14,47.98,2.46,1,11.03
17.81,74.13,0.74,1,10.36
31.42,64.09,14.84,1,14.46
10.23,21.59,6.38,0,6.5
29.83,35.44,0.21,1,2.09
11.96,90.24,0.79,0,8.61
8.03,66.44,3.08,0,14.87
10.29,32.5,0.66,2,23.59
40.73,76.4,2.31,0,0.0
23.43,81.23,0.54,2,11.9
25.69,51.3,3.35,1,6.77
36.35,73.15,2.27,0,0.0
32.47,0.0,10.46,1,0.0
13.87,79.47,0.43,2,10.67
31.95,83.5,2.27,1,9.44
26.47,37.51,1.12,1,9.3
22.27,65.64,2.85,2,3.74
25.19,53.24,0.68,1,13.57
35.24,57.95,7.79,2,9.53
17.91,51.5,1.73,1,7.88
28.21,33.35,1.7,2,13.81
24.92,97.81,4.63,1,6.71
10.62,53.79,7.14,1,17.39
18.58,62.1,2.04,1,2.47
26.55,39.81,4.43,1,11.48
35.38,39.26,0.47,0,3.35
33.01,68.25,0.87,0,0.0
29.78,70.53,3.54,1,1.61
18.48,77.56,7.84,0,10.9
39.41,82.08,0.37,1,0.0
26.72,55.8,0.43,1,15.28
16.95,51.12,11.09,1,20.14
23.54,74.94,0.29,0,4.83
32.17,47.25,0.13,0,0.0
25.06,77.44,2.28,1,9.14
32.09,67.49,0.76,1,1.7
33.83,83.1,1.06,0,0.0
28.2,73.41,2.89,2,12.66
18.14,38.91,1.3,1,13.44
26.08,42.69,16.32,0,16.93
25.36,74.65,0.78,0,0.99
39.87,98.14,6.01,0,9.1
11.99,33.54,6.24,1,17.67
23.92,60.46,1.73,1,8.86
20.33,65.63,17.78,1,24.04
27.68,29.48,1.0,1,5.38
5.5,69.56,0.29,0,2.36
33.92,58.14,2.51,2,25.61
25.11,18.07,0.02,2,9.75
10.24,92.43,1.93,0,6.16
22.11,42.74,5.44,2,30.16
29.87,34.35,1.63,1,8.57
12.27,68.4,0.68,2,12.92
25.03,71.15,0.89,1,0.0
16.54,74.73,7.35,0,5.53
20.55,52.28,3.26,0,14.95
25.21,59.78,0.53,2,15.08
26.47,45.38,1.87,0,0.62
21.23,33.8,2.86,1,8.52
27.18,81.58,2.11,1,2.54
31.54,57.94,4.61,1,9.48
22.77,56.35,0.02,1,8.73
36.45,20.01,0.99,0,0.0
36.7,56.43,2.56,1,6.28
21.57,43.15,2.32,1,9.26
19.9,56.51,0.33,1,7.59
11.69,55.62,0.58,0,10.1
23.99,51.07,4.19,2,19.18
22.09,78.78,2.3,2,11.2
31.23,68.94,3.06,0,0.0
12.92,82.54,5.09,0,0.0
22.78,33.5,2.63,1,10.19
32.75,47.02,1.13,2,15.61
19.16,59.19,2.22,1,12.53
18.9,51.87,0.42,0,3.78
13.42,58.41,0.95,2,20.89
45.96,36.36,3.19,0,0.0
19.02,45.68,0.13,1,7.9
14.6,27.17,0.0,0,11.24
18.57,42.2,6.54,1,17.72
18.81,73.88,10.0,0,4.84
22.84,55.72,7.08,0,12.88
31.6,90.12,0.73,1,7.89
22.61,48.09,4.22,1,6.96
17.62,62.38,1.83,1,13.46
13.39,35.73,0.22,0,17.04
25.17,100.0,4.75,1,7.24
25.34,56.43,4.95,1,6.58
37.25,76.59,3.84,0,0.0
25.74,68.27,17.01,0,12.87
24.21,48.32,14.53,0,14.78
16.59,33.38,0.59,0,13.53
22.55,63.12,4.76,0,0.9
21.49,48.86,3.23,1,9.93
22.04,56.89,3.89,1,8.98
17.33,73.03,14.1,2,23.91
29.31,61.56,5.44,2,15.99
23.86,67.54,1.49,1,2.37
23.4,63.0,8.32,1,11.05
11.29,30.66,6.24,0,11.31
28.95,87.92,3.67,1,5.21
28.9,83.52,8.29,0,0.0
18.29,37.28,1.86,1,20.18
32.92,70.11,3.75,1,0.91
14.08,46.76,0.01,0,8.84
24.83,45.06,2.52,1,21.01
22.83,59.9,3.86,2,13.53
14.46,94.95,1.45,0,5.36
26.52,81.16,6.07,0,8.01
38.62,72.1,1.99,0,3.69
25.54,36.99,1.0,1,13.06
21.3,100.0,2.39,0,0.0
28.58,77.47,7.08,1,0.0
25.85,13.02,3.44,1,8.24
25.22,67.99,8.99,1,4.7
21.6,50.23,1.78,1,4.6
36.38,68.2,3.22,0,9.18
28.65,68.01,2.97,0,0.0
20.77,41.63,0.82,1,12.15
24.14,96.52,4.09,0,0.0
19.07,64.0,0.21,1,11.04
20.13,78.83,2.57,0,2.75
19.87,87.03,0.59,1,10.25
15.93,45.24,0.63,1,13.46
31.22,41.76,11.71,2,21.03
22.67,82.44,1.46,2,10.17
29.43,87.86,2.2,1,2.25
19.64,32.46,3.28,0,12.49
24.52,100.0,2.07,0,0.0
19.31,55.29,3.88,1,7.83
30.76,73.84,0.08,1,0.0
23.01,71.29,3.39,0,10.46
19.15,40.57,1.18,2,17.2
11.87,42.72,6.34,1,17.6
27.21,18.33,0.46,2,12.64
19.33,36.98,0.09,1,21.18
24.87,30.35,0.19,2,10.86
21.07,60.8,2.22,1,2.35
32.63,87.39,0.73,0,0.0
29.35,59.46,4.2,2,26.13
28.58,66.78,0.17,0,3.09
20.07,75.56,0.8,0,2.51
28.73,73.59,5.32,2,14.29
38.72,52.28,0.14,1,0.55
18.34,30.73,4.65,2,15.71
26.38,51.4,0.36,1,12.59
11.81,61.26,5.55,1,21.27
36.19,42.57,4.6,0,6.52
21.82,67.24,0.74,0,2.9
31.26,54.15,1.54,0,0.0
11.21,72.44,1.84,0,4.11
39.38,43.94,1.5,0,10.28
22.15,41.56,0.71,1,0.0
29.37,95.48,0.77,0,8.33
26.21,60.58,3.52,2,15.77
22.96,71.06,0.49,2,12.09
38.49,38.03,0.99,1,6.58
11.82,52.45,0.2,0,8.91
27.39,73.64,0.74,0,0.0
32.29,91.31,0.12,0,0.0
24.76,45.51,3.6,2,23.4
24.05,43.94,1.55,2,25.32
23.86,59.55,1.42,2,11.55
15.18,29.51,1.99,0,7.59
25.31,59.4,0.91,0,0.0
29.1,58.71,1.34,1,6.68
25.55,74.49,2.68,0,6.15
22.82,88.29,0.76,1,3.79
21.08,71.4,1.86,1,4.59
22.77,74.83,2.57,0,0.0
35.06,61.05,0.45,0,1.13
8.31,52.81,1.1,1,12.18
25.32,20.08,2.41,1,4.47
22.38,42.28,1.54,1,7.41
36.65,64.35,3.78,1,0.0
25.44,27.09,0.79,2,15.06
36.88,64.86,1.91,1,0.0
8.01,51.98,5.16,1,23.41
28.68,39.57,0.46,0,0.0
27.24,50.6,6.76,2,15.6
36.12,74.58,1.78,2,6.06
11.87,77.71,1.96,2,8.99
23.76,21.26,3.03,0,5.12
25.53,57.01,2.34,0,0.0
21.03,78.28,5.2,1,4.19
34.73,54.84,0.62,1,7.37
22.29,62.18,0.42,2,21.61
41.28,30.09,0.92,0,0.0
33.43,50.4,18.38,1,12.6
32.61,96.58,0.31,0,0.0
29.47,44.24,2.27,0,12.06
16.49,31.19,4.45,1,21.06
21.55,62.99,5.36,2,13.73
29.58,75.77,9.47,1,1.97
30.42,83.88,16.0,1,4.81
35.46,49.65,2.41,1,0.0
21.26,64.45,0.83,0,5.41
18.12,70.89,2.2,2,19.21
31.87,72.98,4.0,1,9.34
18.52,49.06,1.94,1,9.18
31.99,94.25,0.95,0,9.23
34.6,46.25,5.18,0,0.0
28.65,74.16,5.3,1,0.0
22.14,59.56,2.4,2,23.53
25.33,48.26,2.76,1,6.21
29.75,47.14,2.16,2,17.31
25.08,48.27,4.57,1,12.69
42.59,51.06,6.54,0,2.97
17.07,39.62,0.01,0,11.09
16.98,73.95,10.91,2,16.31
17.18,45.93,1.27,0,8.79
20.28,47.7,1.53,1,0.0
7.57,69.77,1.38,0,10.03
19.96,57.84,5.58,1,0.0
19.77,31.56,4.0,1,13.9
25.63,41.28,0.59,1,11.53
28.34,56.07,1.57,2,23.05
15.08,48.5,0.01,2,29.2
32.2,75.01,4.88,0,3.93
39.42,44.71,0.81,1,10.09
23.33,40.66,0.26,1,12.66
37.59,39.79,3.24,0,0.22
26.59,68.13,0.74,0,0.0
40.91,69.67,2.39,1,0.0
33.94,26.55,0.53,2,21.14
12.49,72.44,4.68,0,8.33
25.15,77.22,12.05,1,6.74
33.43,26.18,0.34,2,11.14
25.24,46.19,5.52,0,9.42
24.7,88.58,2.02,0,0.0
35.16,80.12,0.16,2,11.63
19.32,60.5,2.21,0,0.0
25.14,70.02,1.97,0,0.0
27.59,100.0,6.66,2,6.47
22.33,70.06,1.25,0,4.88
24.84,35.58,4.25,0,11.04
31.2,87.3,0.43,1,5.27
28.46,42.58,1.48,1,8.27
18.53,79.88,2.33,0,8.44
16.17,73.13,0.6,1,3.85
18.69,77.79,0.66,2,11.49
25.01,90.82,0.84,1,10.42
23.72,30.68,4.07,0,0.0
18.34,58.61,8.62,1,21.71
20.21,98.92,0.41,0,11.17
12.84,79.53,2.38,2,20.77
28.34,63.54,0.48,1,6.63
24.68,39.54,0.17,1,14.58
14.92,62.13,0.12,1,2.57
25.23,41.76,1.68,1,12.48
35.74,30.63,1.66,2,20.47
19.08,71.53,3.27,0,8.45
35.52,61.31,1.48,2,9.82
22.41,44.53,0.78,1,12.34
26.58,67.9,0.3,1,2.36
25.78,49.92,2.54,2,15.01
36.21,95.59,0.74,1,0.0
26.27,59.39,1.42,2,19.53
15.86,91.54,0.05,1,2.75
14.51,43.74,0.86,1,8.12
